{
  "players": [
    {
      "id": 1,
      "name": "Jude",
      "nukes": 3,
      "icon": "fa-fighter-jet",
      "color": "#00FF00"
    },
    {
      "id": "6028",
      "name": "Josh",
      "nukes": "3",
      "icon": "fa-blind",
      "color": "#1B065E"
    },
    {
      "id": "1152",
      "name": "Richard",
      "nukes": "3",
      "icon": "fa-ship",
      "color": "#A6D8D4"
    },
    {
      "id": "7136",
      "name": "Edward",
      "nukes": "3",
      "icon": "fa-fighter-jet",
      "color": "#A6D8D4"
    }
  ],
  "tiles": [
    {
      "id": "23",
      "X": "3",
      "Y": "7",
      "player": "6028"
    },
    {
      "id": "11",
      "X": "1",
      "Y": "1",
      "player": "6028"
    },
    {
      "id": "20",
      "X": "0",
      "Y": "2",
      "player": "6028"
    },
    {
      "id": "30",
      "X": "0",
      "Y": "3",
      "player": "6028"
    },
    {
      "id": "40",
      "X": "0",
      "Y": "4",
      "player": "6028"
    },
    {
      "id": "50",
      "X": "0",
      "Y": "5",
      "player": "6028"
    },
    {
      "id": "41",
      "X": "1",
      "Y": "4",
      "player": "6028"
    },
    {
      "id": "42",
      "X": "2",
      "Y": "4",
      "player": "6028"
    },
    {
      "id": "51",
      "X": "1",
      "Y": "5",
      "player": "6028"
    },
    {
      "id": "10",
      "X": "0",
      "Y": "1",
      "player": "1"
    },
    {
      "id": "12",
      "X": "2",
      "Y": "1",
      "player": "1"
    },
    {
      "id": "22",
      "X": "2",
      "Y": "2",
      "player": "1"
    },
    {
      "id": "21",
      "X": "1",
      "Y": "2",
      "player": "6028"
    },
    {
      "id": "31",
      "X": "1",
      "Y": "3",
      "player": "6028"
    },
    {
      "id": "32",
      "X": "2",
      "Y": "3",
      "player": "7136"
    },
    {
      "id": "33",
      "X": "3",
      "Y": "3",
      "player": "7136"
    },
    {
      "id": "13",
      "X": "3",
      "Y": "1",
      "player": "7136"
    },
    {
      "id": "02",
      "X": "2",
      "Y": "0",
      "player": "7136"
    },
    {
      "id": "01",
      "X": "1",
      "Y": "0",
      "player": "7136"
    },
    {
      "id": "00",
      "X": "0",
      "Y": "0",
      "player": "7136"
    },
    {
      "id": "43",
      "X": "3",
      "Y": "4",
      "player": "1"
    },
    {
      "id": "53",
      "X": "3",
      "Y": "5",
      "player": "1"
    }
  ]
}